Breed,Adaptability,All_Around_Friendliness,Exercise_Needs,Health_Grooming,Trainability,Adapts_Well_to_Apartment_Living,Affectionate_with_Family,Amount_Of_Shedding,Dog_Friendly,Drooling_Potential,Easy_To_Groom,Easy_To_Train,Energy_Level,Exercise_Needs,Friendly_Toward_Strangers,General_Health,Good_For_Novice_Owners,Incredibly_Kid_Friendly_Dogs,Intelligence,Intensity,Potential_For_Mouthiness,Potential_For_Playfulness,Potential_For_Weight_Gain,Prey_Drive,Sensitivity_Level,Size,Tendency_To_Bark_Or_Howl,Tolerates_Being_Alone,Tolerates_Cold_Weather,Tolerates_Hot_Weather,Wanderlust_Potential
Affenpinscher,3.0,3.0,4.0,2.0,3.0,5.0,5.0,1.0,4.0,1.0,3.0,2.0,4.0,3.0,3.0,4.0,4.0,1.0,4.0,3.0,4.0,4.0,3.0,3.0,3.0,1.0,2.0,1.0,3.0,3.0,2.0
Afghan Hound,4.0,4.0,4.0,2.0,3.0,5.0,5.0,4.0,4.0,1.0,1.0,1.0,5.0,4.0,2.0,3.0,3.0,5.0,4.0,2.0,3.0,4.0,1.0,5.0,5.0,4.0,2.0,2.0,5.0,5.0,5.0
Airedale Terrier,2.0,4.0,5.0,3.0,5.0,1.0,4.0,2.0,4.0,1.0,2.0,4.0,5.0,5.0,3.0,3.0,2.0,4.0,5.0,3.0,5.0,5.0,4.0,5.0,3.0,3.0,4.0,2.0,3.0,3.0,4.0
Akita,3.0,2.0,4.0,4.0,4.0,2.0,5.0,5.0,1.0,5.0,1.0,2.0,4.0,4.0,2.0,4.0,2.0,1.0,3.0,3.0,3.0,5.0,4.0,4.0,5.0,4.0,5.0,1.0,5.0,2.0,4.0
Alaskan Klee Kai,3.0,3.0,4.0,3.0,4.0,3.0,4.0,4.0,2.0,2.0,4.0,4.0,4.0,4.0,2.0,4.0,2.0,3.0,4.0,2.0,2.0,4.0,2.0,5.0,4.0,2.0,3.0,2.0,5.0,2.0,4.0
Alaskan Malamute,2.0,4.0,5.0,3.0,4.0,1.0,4.0,5.0,2.0,1.0,1.0,4.0,5.0,5.0,5.0,4.0,1.0,3.0,4.0,5.0,3.0,5.0,3.0,4.0,4.0,4.0,5.0,1.0,5.0,2.0,5.0
American Bulldog,2.0,3.0,4.0,3.0,3.0,1.0,5.0,1.0,2.0,4.0,4.0,4.0,4.0,4.0,2.0,3.0,1.0,4.0,3.0,4.0,2.0,4.0,2.0,4.0,4.0,4.0,2.0,1.0,2.0,2.0,3.0
American English Coonhound,3.0,5.0,5.0,3.0,5.0,1.0,5.0,3.0,4.0,1.0,5.0,5.0,5.0,5.0,5.0,4.0,2.0,5.0,4.0,5.0,3.0,5.0,3.0,5.0,5.0,3.0,5.0,2.0,4.0,4.0,5.0
American Eskimo Dog,4.0,5.0,4.0,3.0,4.0,5.0,5.0,5.0,5.0,1.0,3.0,5.0,5.0,4.0,4.0,5.0,4.0,5.0,4.0,3.0,3.0,5.0,4.0,3.0,4.0,2.0,4.0,2.0,5.0,3.0,3.0
American Foxhound,2.0,5.0,5.0,4.0,4.0,1.0,4.0,3.0,5.0,1.0,5.0,2.0,5.0,5.0,4.0,5.0,2.0,5.0,3.0,4.0,3.0,5.0,5.0,4.0,2.0,3.0,5.0,1.0,4.0,4.0,5.0
American Pit Bull Terrier,3.0,4.0,5.0,3.0,4.0,3.0,5.0,4.0,1.0,1.0,5.0,4.0,4.0,4.0,5.0,4.0,2.0,5.0,4.0,5.0,5.0,5.0,3.0,3.0,4.0,3.0,3.0,1.0,2.0,3.0,4.0
American Staffordshire Terrier,2.0,4.0,4.0,3.0,4.0,2.0,4.0,2.0,2.0,3.0,4.0,4.0,3.0,3.0,4.0,3.0,2.0,4.0,4.0,5.0,5.0,4.0,2.0,3.0,3.0,3.0,4.0,2.0,2.0,3.0,3.0
American Water Spaniel,3.0,4.0,4.0,3.0,4.0,2.0,5.0,3.0,2.0,1.0,3.0,4.0,5.0,5.0,3.0,3.0,2.0,5.0,3.0,2.0,5.0,5.0,3.0,2.0,5.0,3.0,3.0,1.0,2.0,4.0,5.0
Anatolian Shepherd Dog,3.0,2.0,3.0,3.0,3.0,1.0,3.0,2.0,2.0,3.0,4.0,4.0,3.0,3.0,1.0,3.0,2.0,2.0,4.0,3.0,2.0,3.0,3.0,2.0,4.0,5.0,2.0,3.0,5.0,3.0,4.0
Appenzeller Sennenhunde,3.0,4.0,4.0,3.0,4.0,1.0,5.0,3.0,3.0,1.0,5.0,4.0,4.0,5.0,2.0,4.0,3.0,5.0,4.0,4.0,5.0,4.0,3.0,3.0,3.0,3.0,5.0,1.0,5.0,4.0,3.0
Australian Cattle Dog,3.0,4.0,5.0,3.0,4.0,2.0,5.0,3.0,4.0,1.0,4.0,5.0,5.0,5.0,2.0,5.0,1.0,3.0,5.0,5.0,5.0,5.0,4.0,4.0,4.0,3.0,2.0,3.0,4.0,4.0,4.0
Australian Kelpie,3.0,3.0,4.0,3.0,5.0,2.0,4.0,3.0,3.0,1.0,4.0,5.0,5.0,5.0,2.0,3.0,2.0,2.0,5.0,3.0,5.0,4.0,2.0,4.0,4.0,3.0,4.0,2.0,3.0,5.0,4.0
Australian Shepherd,3.0,4.0,5.0,2.0,5.0,1.0,5.0,3.0,5.0,1.0,1.0,5.0,5.0,5.0,3.0,2.0,2.0,4.0,5.0,4.0,4.0,5.0,4.0,4.0,5.0,3.0,4.0,2.0,4.0,4.0,5.0
Australian Terrier,3.0,3.0,5.0,3.0,4.0,5.0,4.0,1.0,2.0,1.0,5.0,3.0,5.0,4.0,3.0,5.0,3.0,3.0,4.0,5.0,1.0,5.0,3.0,5.0,2.0,1.0,5.0,2.0,3.0,4.0,4.0
Azawakh,3.0,3.0,3.0,3.0,3.0,5.0,4.0,3.0,3.0,1.0,5.0,3.0,3.0,4.0,2.0,3.0,2.0,2.0,3.0,2.0,3.0,3.0,3.0,4.0,3.0,3.0,1.0,3.0,1.0,5.0,2.0
Barbet,3.0,4.0,4.0,2.0,3.0,3.0,5.0,2.0,4.0,1.0,1.0,4.0,5.0,3.0,3.0,4.0,2.0,4.0,4.0,3.0,2.0,4.0,3.0,3.0,3.0,3.0,3.0,1.0,4.0,4.0,3.0
Basenji,4.0,5.0,3.0,3.0,4.0,5.0,5.0,1.0,4.0,5.0,5.0,1.0,5.0,5.0,5.0,2.0,4.0,5.0,4.0,1.0,5.0,2.0,2.0,5.0,3.0,2.0,1.0,4.0,1.0,4.0,5.0
Basset Hound,3.0,5.0,2.0,4.0,4.0,5.0,5.0,4.0,5.0,4.0,5.0,2.0,2.0,2.0,5.0,1.0,4.0,5.0,4.0,2.0,3.0,2.0,5.0,5.0,4.0,2.0,4.0,3.0,2.0,2.0,5.0
Beagle,3.0,5.0,5.0,3.0,4.0,4.0,5.0,3.0,5.0,1.0,4.0,1.0,4.0,4.0,5.0,1.0,3.0,5.0,4.0,5.0,3.0,5.0,5.0,5.0,4.0,2.0,5.0,1.0,2.0,4.0,5.0
Bearded Collie,3.0,5.0,4.0,3.0,4.0,3.0,5.0,4.0,5.0,1.0,2.0,5.0,4.0,4.0,4.0,3.0,4.0,4.0,4.0,4.0,3.0,5.0,4.0,3.0,4.0,3.0,3.0,2.0,4.0,3.0,5.0
Bedlington Terrier,4.0,5.0,4.0,3.0,4.0,4.0,5.0,5.0,4.0,1.0,1.0,3.0,4.0,4.0,5.0,4.0,4.0,4.0,5.0,2.0,4.0,5.0,3.0,5.0,3.0,3.0,3.0,3.0,4.0,3.0,4.0
Belgian Malinois,3.0,4.0,5.0,3.0,4.0,1.0,5.0,2.0,2.0,1.0,5.0,5.0,5.0,5.0,3.0,4.0,3.0,4.0,5.0,4.0,3.0,5.0,2.0,4.0,5.0,4.0,2.0,3.0,4.0,4.0,3.0
Belgian Sheepdog,4.0,5.0,5.0,3.0,4.0,3.0,4.0,5.0,5.0,1.0,3.0,5.0,5.0,5.0,4.0,3.0,3.0,5.0,5.0,3.0,2.0,5.0,2.0,5.0,5.0,4.0,1.0,3.0,4.0,3.0,4.0
Belgian Tervuren,3.0,3.0,4.0,3.0,4.0,3.0,4.0,4.0,3.0,1.0,3.0,5.0,5.0,4.0,3.0,3.0,3.0,3.0,5.0,3.0,2.0,5.0,2.0,2.0,5.0,4.0,5.0,1.0,4.0,3.0,4.0
Berger Picard,4.0,4.0,5.0,4.0,3.0,3.0,5.0,4.0,3.0,1.0,5.0,4.0,5.0,5.0,2.0,5.0,4.0,5.0,4.0,3.0,2.0,5.0,3.0,3.0,5.0,4.0,2.0,3.0,4.0,3.0,2.0
Bernedoodle,3.0,4.0,4.0,3.0,4.0,3.0,5.0,1.0,4.0,2.0,3.0,4.0,4.0,3.0,3.0,4.0,3.0,5.0,5.0,3.0,4.0,5.0,3.0,3.0,4.0,3.0,3.0,2.0,5.0,3.0,3.0
Bernese Mountain Dog,2.0,5.0,4.0,4.0,4.0,1.0,5.0,5.0,3.0,4.0,3.0,4.0,4.0,3.0,5.0,1.0,2.0,5.0,4.0,3.0,5.0,4.0,4.0,5.0,4.0,5.0,4.0,1.0,5.0,1.0,3.0
Bichon Frise,4.0,5.0,4.0,2.0,3.0,5.0,5.0,2.0,4.0,1.0,1.0,5.0,5.0,3.0,5.0,4.0,5.0,4.0,4.0,3.0,3.0,5.0,4.0,4.0,5.0,2.0,2.0,1.0,3.0,4.0,2.0
Black Mouth Cur,3.0,4.0,4.0,3.0,4.0,1.0,5.0,3.0,3.0,2.0,5.0,3.0,4.0,5.0,3.0,4.0,2.0,5.0,4.0,3.0,3.0,4.0,2.0,5.0,4.0,4.0,4.0,2.0,3.0,3.0,4.0
Black Russian Terrier,3.0,4.0,5.0,3.0,4.0,3.0,5.0,2.0,2.0,3.0,2.0,4.0,4.0,4.0,3.0,3.0,2.0,5.0,4.0,5.0,4.0,5.0,3.0,3.0,4.0,5.0,3.0,1.0,4.0,3.0,3.0
Black and Tan Coonhound,3.0,5.0,5.0,4.0,4.0,1.0,5.0,5.0,5.0,3.0,4.0,2.0,5.0,5.0,5.0,5.0,2.0,5.0,5.0,5.0,1.0,5.0,5.0,5.0,3.0,3.0,5.0,2.0,4.0,4.0,5.0
Bloodhound,3.0,5.0,4.0,3.0,4.0,1.0,5.0,4.0,5.0,5.0,1.0,3.0,5.0,5.0,5.0,3.0,2.0,5.0,4.0,4.0,5.0,3.0,3.0,3.0,4.0,4.0,4.0,2.0,3.0,3.0,5.0
Blue Lacy,3.0,3.0,5.0,3.0,5.0,1.0,4.0,3.0,2.0,2.0,5.0,5.0,5.0,5.0,2.0,4.0,1.0,3.0,5.0,5.0,4.0,4.0,2.0,5.0,4.0,3.0,5.0,2.0,4.0,5.0,4.0
Bluetick Coonhound,3.0,4.0,5.0,3.0,4.0,2.0,5.0,2.0,3.0,2.0,5.0,2.0,5.0,5.0,3.0,4.0,2.0,5.0,4.0,4.0,3.0,5.0,3.0,4.0,5.0,3.0,4.0,2.0,3.0,3.0,5.0
Boerboel,2.0,3.0,4.0,4.0,3.0,1.0,4.0,3.0,2.0,4.0,4.0,2.0,3.0,4.0,2.0,4.0,1.0,4.0,4.0,4.0,3.0,4.0,3.0,3.0,3.0,5.0,3.0,2.0,3.0,4.0,4.0
Bolognese,3.0,5.0,3.0,2.0,4.0,5.0,5.0,1.0,5.0,1.0,1.0,5.0,3.0,4.0,5.0,5.0,3.0,5.0,4.0,3.0,4.0,3.0,3.0,5.0,5.0,1.0,4.0,2.0,2.0,3.0,1.0
Border Collie,3.0,4.0,5.0,3.0,4.0,2.0,5.0,3.0,3.0,1.0,3.0,5.0,5.0,5.0,5.0,2.0,2.0,4.0,5.0,3.0,3.0,5.0,3.0,3.0,5.0,3.0,2.0,1.0,4.0,4.0,3.0
Border Terrier,3.0,4.0,5.0,3.0,4.0,4.0,5.0,3.0,2.0,1.0,2.0,3.0,4.0,5.0,5.0,4.0,3.0,4.0,5.0,4.0,5.0,5.0,5.0,5.0,3.0,2.0,1.0,1.0,4.0,3.0,4.0
Borzoi,4.0,4.0,2.0,4.0,4.0,5.0,4.0,5.0,4.0,1.0,4.0,3.0,2.0,2.0,4.0,4.0,3.0,3.0,4.0,2.0,3.0,3.0,2.0,5.0,5.0,5.0,2.0,1.0,4.0,3.0,4.0
Boston Terrier,4.0,5.0,5.0,3.0,3.0,5.0,4.0,2.0,5.0,1.0,5.0,4.0,4.0,4.0,4.0,4.0,4.0,5.0,4.0,5.0,2.0,5.0,3.0,2.0,5.0,2.0,3.0,3.0,3.0,2.0,5.0
Bouvier des Flandres,3.0,4.0,4.0,3.0,3.0,3.0,5.0,1.0,2.0,1.0,2.0,5.0,4.0,4.0,2.0,3.0,2.0,5.0,4.0,5.0,2.0,4.0,4.0,2.0,4.0,4.0,4.0,2.0,4.0,2.0,2.0
Boxer,3.0,4.0,5.0,3.0,3.0,4.0,5.0,4.0,3.0,2.0,5.0,4.0,5.0,5.0,4.0,2.0,3.0,4.0,4.0,5.0,2.0,5.0,4.0,3.0,4.0,3.0,3.0,1.0,2.0,1.0,3.0
Boykin Spaniel,3.0,4.0,5.0,3.0,4.0,1.0,5.0,4.0,4.0,1.0,1.0,4.0,5.0,5.0,3.0,2.0,3.0,5.0,4.0,5.0,4.0,4.0,4.0,2.0,4.0,3.0,3.0,3.0,3.0,4.0,4.0
Bracco Italiano,3.0,4.0,4.0,3.0,3.0,1.0,5.0,3.0,5.0,3.0,5.0,3.0,4.0,5.0,3.0,2.0,2.0,3.0,4.0,4.0,3.0,3.0,3.0,5.0,4.0,4.0,2.0,3.0,3.0,3.0,3.0
Briard,3.0,4.0,4.0,2.0,4.0,3.0,4.0,1.0,5.0,1.0,1.0,4.0,4.0,4.0,2.0,3.0,3.0,5.0,4.0,4.0,2.0,4.0,3.0,3.0,4.0,4.0,4.0,3.0,4.0,3.0,5.0
Brittany,3.0,5.0,5.0,4.0,4.0,1.0,5.0,3.0,5.0,5.0,3.0,3.0,5.0,5.0,4.0,4.0,3.0,5.0,5.0,3.0,3.0,5.0,3.0,5.0,5.0,3.0,3.0,1.0,4.0,3.0,4.0
Brussels Griffon,3.0,3.0,4.0,3.0,3.0,5.0,5.0,3.0,4.0,3.0,3.0,3.0,5.0,4.0,3.0,3.0,2.0,1.0,4.0,3.0,3.0,5.0,3.0,1.0,5.0,1.0,4.0,1.0,1.0,2.0,5.0
Bull Terrier,3.0,5.0,5.0,3.0,4.0,4.0,5.0,3.0,4.0,1.0,5.0,5.0,4.0,5.0,5.0,4.0,4.0,5.0,4.0,5.0,4.0,5.0,5.0,4.0,5.0,2.0,1.0,2.0,1.0,4.0,5.0
Bulldog,3.0,4.0,3.0,4.0,2.0,5.0,5.0,3.0,2.0,5.0,5.0,3.0,2.0,3.0,5.0,4.0,4.0,4.0,2.0,3.0,2.0,4.0,5.0,2.0,4.0,2.0,4.0,3.0,1.0,1.0,1.0
Bullmastiff,3.0,4.0,4.0,4.0,3.0,3.0,5.0,1.0,4.0,5.0,5.0,3.0,2.0,3.0,3.0,2.0,2.0,5.0,3.0,4.0,3.0,5.0,5.0,3.0,4.0,5.0,4.0,2.0,4.0,2.0,3.0
Cairn Terrier,4.0,5.0,5.0,3.0,4.0,5.0,5.0,3.0,4.0,1.0,5.0,2.0,5.0,4.0,4.0,4.0,4.0,5.0,5.0,4.0,3.0,5.0,3.0,4.0,3.0,1.0,4.0,1.0,4.0,4.0,3.0
Canaan Dog,4.0,3.0,4.0,3.0,3.0,4.0,4.0,4.0,3.0,1.0,5.0,5.0,4.0,3.0,2.0,5.0,4.0,2.0,4.0,3.0,3.0,4.0,2.0,3.0,4.0,3.0,3.0,3.0,3.0,5.0,2.0
Cane Corso,2.0,3.0,4.0,4.0,4.0,1.0,4.0,3.0,3.0,4.0,5.0,4.0,4.0,5.0,2.0,3.0,1.0,2.0,5.0,3.0,2.0,2.0,4.0,5.0,3.0,4.0,3.0,1.0,3.0,4.0,2.0
Cardigan Welsh Corgi,4.0,4.0,3.0,3.0,3.0,4.0,5.0,4.0,3.0,1.0,3.0,4.0,3.0,3.0,3.0,4.0,4.0,4.0,5.0,3.0,2.0,4.0,4.0,4.0,4.0,2.0,2.0,3.0,4.0,3.0,3.0
Catahoula Leopard Dog,2.0,3.0,4.0,3.0,3.0,1.0,5.0,3.0,1.0,1.0,5.0,2.0,4.0,5.0,1.0,3.0,1.0,3.0,3.0,3.0,3.0,2.0,3.0,1.0,2.0,4.0,3.0,2.0,3.0,3.0,3.0
Caucasian Shepherd Dog,3.0,3.0,3.0,4.0,3.0,2.0,4.0,4.0,2.0,4.0,2.0,2.0,2.0,2.0,2.0,3.0,1.0,2.0,4.0,4.0,4.0,3.0,4.0,3.0,2.0,5.0,3.0,3.0,5.0,2.0,2.0
Cavalier King Charles Spaniel,4.0,5.0,4.0,3.0,3.0,5.0,5.0,3.0,5.0,1.0,4.0,4.0,3.0,4.0,5.0,4.0,5.0,5.0,4.0,2.0,3.0,5.0,4.0,3.0,5.0,2.0,3.0,1.0,3.0,2.0,2.0
Cesky Terrier,4.0,3.0,3.0,3.0,3.0,5.0,5.0,1.0,2.0,1.0,4.0,4.0,2.0,3.0,3.0,5.0,4.0,3.0,3.0,3.0,3.0,5.0,4.0,2.0,4.0,2.0,3.0,3.0,3.0,3.0,3.0
Chesapeake Bay Retriever,3.0,3.0,5.0,4.0,3.0,1.0,5.0,5.0,1.0,3.0,5.0,3.0,5.0,5.0,1.0,4.0,1.0,3.0,4.0,5.0,3.0,4.0,4.0,3.0,3.0,3.0,3.0,2.0,4.0,4.0,4.0
Chihuahua,3.0,4.0,3.0,2.0,3.0,5.0,5.0,2.0,2.0,1.0,5.0,4.0,3.0,1.0,2.0,2.0,4.0,5.0,4.0,2.0,3.0,4.0,3.0,3.0,5.0,1.0,3.0,1.0,1.0,2.0,2.0
Chinese Crested,3.0,4.0,2.0,2.0,3.0,5.0,4.0,2.0,4.0,1.0,2.0,4.0,2.0,2.0,4.0,5.0,3.0,5.0,3.0,1.0,4.0,3.0,2.0,3.0,5.0,2.0,3.0,1.0,1.0,3.0,1.0
Chinese Shar-Pei,3.0,2.0,2.0,3.0,3.0,4.0,2.0,5.0,1.0,2.0,5.0,3.0,2.0,3.0,2.0,1.0,2.0,2.0,2.0,1.0,5.0,1.0,4.0,2.0,2.0,3.0,5.0,4.0,2.0,1.0,2.0
Chinook,3.0,5.0,3.0,3.0,3.0,4.0,5.0,5.0,5.0,1.0,2.0,4.0,3.0,3.0,4.0,4.0,1.0,5.0,5.0,3.0,3.0,4.0,3.0,2.0,5.0,4.0,2.0,1.0,5.0,4.0,2.0
Chow Chow,3.0,1.0,2.0,3.0,2.0,3.0,2.0,1.0,1.0,3.0,1.0,2.0,2.0,2.0,1.0,2.0,2.0,1.0,1.0,2.0,5.0,1.0,4.0,2.0,2.0,4.0,1.0,5.0,5.0,2.0,2.0
Clumber Spaniel,4.0,4.0,3.0,4.0,4.0,5.0,5.0,5.0,4.0,5.0,1.0,4.0,3.0,2.0,3.0,2.0,5.0,3.0,3.0,1.0,5.0,5.0,5.0,5.0,4.0,3.0,1.0,2.0,5.0,2.0,4.0
Cockapoo,4.0,5.0,4.0,2.0,3.0,4.0,5.0,1.0,5.0,1.0,3.0,4.0,3.0,3.0,4.0,2.0,5.0,4.0,4.0,3.0,2.0,5.0,3.0,3.0,4.0,2.0,2.0,3.0,4.0,4.0,3.0
Cocker Spaniel,4.0,4.0,3.0,3.0,4.0,5.0,5.0,3.0,4.0,1.0,1.0,5.0,4.0,3.0,3.0,4.0,3.0,3.0,4.0,2.0,4.0,4.0,4.0,5.0,5.0,2.0,3.0,1.0,4.0,3.0,4.0
Collie,4.0,5.0,3.0,3.0,3.0,3.0,5.0,5.0,4.0,1.0,2.0,4.0,3.0,3.0,4.0,3.0,4.0,5.0,4.0,2.0,3.0,4.0,3.0,4.0,5.0,3.0,4.0,2.0,4.0,3.0,1.0
Coton de Tulear,4.0,5.0,3.0,2.0,3.0,5.0,5.0,1.0,5.0,1.0,2.0,3.0,3.0,3.0,5.0,5.0,4.0,5.0,4.0,2.0,3.0,5.0,3.0,1.0,5.0,1.0,2.0,1.0,3.0,3.0,3.0
Curly-Coated Retriever,3.0,4.0,4.0,3.0,4.0,1.0,5.0,3.0,4.0,2.0,3.0,4.0,5.0,4.0,3.0,2.0,3.0,5.0,5.0,3.0,5.0,5.0,3.0,5.0,3.0,3.0,3.0,3.0,4.0,4.0,4.0
Dachshund,3.0,3.0,3.0,3.0,4.0,5.0,4.0,3.0,3.0,1.0,3.0,2.0,3.0,3.0,1.0,2.0,4.0,5.0,4.0,3.0,4.0,4.0,5.0,5.0,4.0,1.0,5.0,3.0,1.0,3.0,5.0
Dalmatian,3.0,4.0,5.0,4.0,3.0,2.0,5.0,5.0,4.0,1.0,5.0,4.0,5.0,5.0,3.0,4.0,3.0,4.0,4.0,4.0,2.0,4.0,4.0,2.0,4.0,3.0,2.0,3.0,3.0,4.0,4.0
Dandie Dinmont Terrier,3.0,4.0,3.0,2.0,3.0,4.0,5.0,3.0,3.0,1.0,2.0,2.0,3.0,2.0,3.0,3.0,4.0,4.0,3.0,3.0,3.0,4.0,4.0,4.0,3.0,1.0,2.0,2.0,3.0,3.0,3.0
Doberman Pinscher,3.0,3.0,4.0,4.0,3.0,3.0,5.0,4.0,1.0,4.0,5.0,5.0,3.0,3.0,3.0,1.0,3.0,3.0,5.0,3.0,2.0,5.0,3.0,1.0,5.0,4.0,1.0,2.0,1.0,4.0,2.0
Dogo Argentino,2.0,3.0,4.0,3.0,3.0,1.0,4.0,1.0,2.0,3.0,4.0,2.0,4.0,4.0,2.0,3.0,1.0,2.0,3.0,4.0,2.0,3.0,2.0,5.0,3.0,4.0,2.0,2.0,2.0,4.0,4.0
Dogue de Bordeaux,3.0,3.0,3.0,4.0,3.0,5.0,5.0,3.0,1.0,5.0,5.0,2.0,2.0,5.0,1.0,2.0,1.0,5.0,3.0,2.0,4.0,3.0,4.0,4.0,4.0,4.0,2.0,2.0,3.0,2.0,1.0
Dutch Shepherd,3.0,4.0,4.0,3.0,3.0,3.0,4.0,4.0,4.0,2.0,3.0,5.0,4.0,4.0,2.0,4.0,3.0,4.0,4.0,3.0,2.0,4.0,2.0,3.0,3.0,3.0,2.0,2.0,4.0,4.0,2.0
English Cocker Spaniel,4.0,5.0,4.0,3.0,4.0,5.0,5.0,3.0,5.0,1.0,3.0,4.0,5.0,4.0,5.0,4.0,4.0,5.0,5.0,3.0,3.0,5.0,5.0,5.0,5.0,2.0,4.0,1.0,4.0,3.0,4.0
English Foxhound,3.0,4.0,5.0,3.0,4.0,1.0,4.0,3.0,5.0,1.0,5.0,3.0,5.0,5.0,3.0,4.0,2.0,4.0,3.0,4.0,4.0,5.0,2.0,5.0,3.0,3.0,4.0,4.0,3.0,3.0,5.0
English Setter,3.0,5.0,4.0,3.0,4.0,1.0,5.0,3.0,5.0,2.0,3.0,3.0,4.0,5.0,5.0,3.0,3.0,5.0,5.0,2.0,4.0,5.0,5.0,5.0,4.0,3.0,4.0,1.0,4.0,3.0,5.0
English Springer Spaniel,3.0,5.0,5.0,3.0,4.0,1.0,5.0,3.0,5.0,1.0,2.0,5.0,5.0,5.0,4.0,3.0,3.0,5.0,5.0,3.0,3.0,5.0,3.0,5.0,4.0,3.0,3.0,1.0,3.0,4.0,4.0
English Toy Spaniel,3.0,4.0,3.0,3.0,3.0,4.0,5.0,5.0,4.0,2.0,4.0,3.0,3.0,2.0,4.0,2.0,4.0,1.0,3.0,3.0,4.0,4.0,3.0,4.0,4.0,2.0,3.0,1.0,2.0,2.0,2.0
Entlebucher Mountain Dog,3.0,4.0,5.0,3.0,4.0,1.0,5.0,3.0,3.0,1.0,5.0,3.0,5.0,5.0,2.0,3.0,2.0,5.0,4.0,4.0,4.0,5.0,3.0,4.0,4.0,3.0,5.0,3.0,4.0,2.0,3.0
Field Spaniel,3.0,5.0,5.0,3.0,4.0,1.0,5.0,3.0,4.0,1.0,4.0,5.0,5.0,5.0,4.0,3.0,3.0,5.0,5.0,3.0,3.0,5.0,4.0,4.0,4.0,2.0,2.0,1.0,3.0,4.0,5.0
Finnish Lapphund,4.0,5.0,5.0,3.0,4.0,4.0,5.0,3.0,5.0,1.0,4.0,5.0,5.0,4.0,4.0,4.0,4.0,5.0,5.0,5.0,4.0,5.0,4.0,4.0,4.0,3.0,3.0,2.0,5.0,2.0,4.0
Finnish Spitz,3.0,5.0,5.0,3.0,4.0,3.0,5.0,4.0,5.0,1.0,2.0,3.0,5.0,5.0,3.0,4.0,3.0,5.0,4.0,4.0,3.0,5.0,3.0,3.0,3.0,3.0,5.0,1.0,5.0,3.0,4.0
Flat-Coated Retriever,3.0,5.0,5.0,3.0,4.0,1.0,5.0,3.0,5.0,2.0,4.0,4.0,5.0,5.0,5.0,4.0,2.0,5.0,5.0,4.0,3.0,5.0,4.0,3.0,5.0,3.0,4.0,1.0,4.0,4.0,4.0
Fox Terrier,3.0,4.0,5.0,2.0,4.0,3.0,4.0,2.0,3.0,1.0,2.0,5.0,5.0,5.0,3.0,4.0,3.0,4.0,5.0,5.0,3.0,5.0,2.0,5.0,3.0,2.0,3.0,3.0,3.0,4.0,3.0
French Bulldog,3.0,4.0,4.0,3.0,3.0,5.0,5.0,3.0,4.0,1.0,5.0,4.0,3.0,2.0,4.0,2.0,5.0,4.0,3.0,4.0,3.0,5.0,4.0,2.0,3.0,2.0,3.0,1.0,2.0,1.0,2.0
German Pinscher,3.0,3.0,5.0,3.0,4.0,3.0,5.0,3.0,2.0,1.0,5.0,4.0,5.0,5.0,2.0,4.0,3.0,3.0,5.0,3.0,3.0,5.0,3.0,5.0,4.0,3.0,3.0,3.0,3.0,4.0,4.0
German Shepherd Dog,3.0,4.0,5.0,4.0,4.0,3.0,5.0,5.0,2.0,1.0,5.0,5.0,5.0,5.0,4.0,4.0,2.0,5.0,5.0,5.0,5.0,5.0,2.0,4.0,5.0,4.0,4.0,2.0,4.0,3.0,2.0
German Shorthaired Pointer,2.0,4.0,5.0,3.0,5.0,1.0,5.0,2.0,4.0,2.0,5.0,5.0,5.0,5.0,3.0,3.0,2.0,5.0,5.0,3.0,4.0,5.0,3.0,5.0,4.0,3.0,3.0,1.0,2.0,4.0,5.0
German Wirehaired Pointer,3.0,3.0,5.0,3.0,4.0,2.0,5.0,2.0,3.0,2.0,4.0,4.0,5.0,5.0,2.0,4.0,3.0,3.0,5.0,4.0,4.0,5.0,3.0,4.0,4.0,4.0,3.0,2.0,3.0,4.0,5.0
Giant Schnauzer,2.0,3.0,4.0,3.0,4.0,1.0,5.0,4.0,3.0,1.0,2.0,5.0,5.0,5.0,2.0,4.0,1.0,3.0,4.0,2.0,3.0,5.0,3.0,4.0,4.0,4.0,4.0,2.0,4.0,2.0,4.0
Glen of Imaal Terrier,3.0,4.0,4.0,3.0,4.0,4.0,5.0,1.0,2.0,1.0,5.0,4.0,4.0,4.0,3.0,5.0,2.0,5.0,4.0,5.0,3.0,4.0,3.0,5.0,3.0,1.0,4.0,3.0,3.0,4.0,3.0
Goldador,4.0,5.0,5.0,3.0,3.0,2.0,5.0,3.0,5.0,2.0,4.0,4.0,5.0,5.0,5.0,4.0,4.0,5.0,5.0,5.0,2.0,5.0,3.0,1.0,3.0,4.0,1.0,4.0,5.0,4.0,4.0
Golden Retriever,3.0,5.0,4.0,4.0,4.0,2.0,5.0,5.0,5.0,4.0,2.0,5.0,5.0,5.0,5.0,2.0,3.0,5.0,5.0,2.0,5.0,5.0,5.0,3.0,5.0,3.0,3.0,1.0,3.0,3.0,2.0
Goldendoodle,3.0,5.0,4.0,3.0,3.0,1.0,5.0,2.0,5.0,1.0,4.0,4.0,4.0,5.0,4.0,3.0,4.0,5.0,5.0,3.0,1.0,5.0,3.0,1.0,4.0,4.0,3.0,3.0,3.0,3.0,3.0
Gordon Setter,3.0,3.0,4.0,3.0,4.0,2.0,5.0,5.0,2.0,3.0,2.0,5.0,5.0,5.0,3.0,4.0,3.0,3.0,5.0,2.0,3.0,5.0,3.0,4.0,4.0,3.0,5.0,1.0,4.0,3.0,4.0
Great Dane,2.0,5.0,5.0,4.0,3.0,1.0,5.0,5.0,5.0,4.0,5.0,5.0,5.0,5.0,5.0,4.0,1.0,5.0,3.0,5.0,2.0,5.0,2.0,3.0,5.0,5.0,4.0,1.0,2.0,3.0,3.0
Great Pyrenees,3.0,4.0,5.0,4.0,4.0,1.0,5.0,5.0,4.0,2.0,4.0,1.0,5.0,5.0,3.0,2.0,1.0,4.0,4.0,5.0,2.0,4.0,4.0,5.0,4.0,5.0,5.0,3.0,5.0,3.0,5.0
Greater Swiss Mountain Dog,3.0,5.0,4.0,3.0,3.0,1.0,5.0,3.0,5.0,1.0,5.0,3.0,5.0,3.0,3.0,2.0,2.0,5.0,3.0,4.0,3.0,5.0,4.0,4.0,4.0,5.0,4.0,3.0,5.0,1.0,3.0
Greyhound,3.0,5.0,4.0,5.0,4.0,4.0,5.0,4.0,4.0,5.0,5.0,5.0,5.0,5.0,5.0,4.0,2.0,5.0,5.0,3.0,4.0,4.0,5.0,5.0,5.0,4.0,2.0,1.0,1.0,5.0,5.0
Harrier,3.0,5.0,5.0,3.0,4.0,1.0,4.0,3.0,5.0,1.0,5.0,2.0,5.0,5.0,5.0,5.0,3.0,5.0,4.0,4.0,3.0,5.0,3.0,4.0,2.0,3.0,4.0,3.0,3.0,4.0,5.0
Havanese,4.0,5.0,3.0,2.0,3.0,5.0,5.0,2.0,5.0,1.0,1.0,5.0,3.0,3.0,5.0,3.0,5.0,4.0,4.0,2.0,3.0,5.0,4.0,4.0,4.0,2.0,2.0,1.0,3.0,4.0,2.0
Ibizan Hound,3.0,5.0,5.0,3.0,4.0,5.0,5.0,3.0,5.0,1.0,5.0,3.0,5.0,5.0,4.0,4.0,3.0,5.0,4.0,3.0,3.0,5.0,1.0,5.0,4.0,3.0,2.0,2.0,1.0,4.0,5.0
Icelandic Sheepdog,3.0,3.0,4.0,3.0,3.0,1.0,4.0,5.0,2.0,1.0,1.0,3.0,4.0,4.0,2.0,3.0,1.0,4.0,4.0,5.0,3.0,4.0,3.0,4.0,3.0,3.0,1.0,2.0,5.0,3.0,4.0
Irish Red and White Setter,3.0,4.0,5.0,2.0,4.0,1.0,5.0,3.0,4.0,1.0,3.0,4.0,5.0,5.0,4.0,2.0,3.0,4.0,4.0,5.0,4.0,5.0,2.0,3.0,4.0,3.0,3.0,1.0,4.0,3.0,4.0
Irish Setter,3.0,5.0,5.0,3.0,5.0,1.0,5.0,4.0,5.0,2.0,3.0,4.0,5.0,5.0,5.0,2.0,3.0,5.0,5.0,3.0,5.0,5.0,3.0,5.0,4.0,4.0,4.0,2.0,4.0,3.0,5.0
Irish Terrier,3.0,4.0,5.0,3.0,3.0,3.0,5.0,4.0,1.0,1.0,2.0,1.0,5.0,4.0,3.0,5.0,2.0,5.0,4.0,4.0,1.0,5.0,3.0,2.0,3.0,3.0,4.0,2.0,4.0,4.0,3.0
Irish Water Spaniel,3.0,5.0,4.0,2.0,4.0,3.0,5.0,1.0,4.0,2.0,3.0,5.0,5.0,5.0,5.0,2.0,2.0,5.0,4.0,3.0,3.0,4.0,3.0,5.0,4.0,3.0,4.0,3.0,4.0,4.0,3.0
Irish Wolfhound,2.0,5.0,3.0,3.0,3.0,1.0,5.0,3.0,5.0,1.0,3.0,3.0,2.0,4.0,5.0,1.0,2.0,5.0,4.0,2.0,3.0,4.0,3.0,5.0,3.0,5.0,1.0,2.0,4.0,2.0,3.0
Italian Greyhound,3.0,5.0,4.0,3.0,4.0,5.0,5.0,2.0,4.0,1.0,5.0,3.0,4.0,4.0,4.0,3.0,5.0,5.0,3.0,2.0,4.0,4.0,2.0,5.0,5.0,2.0,3.0,1.0,1.0,3.0,3.0
Jack Russell Terrier,3.0,5.0,5.0,3.0,4.0,3.0,5.0,3.0,5.0,1.0,3.0,4.0,5.0,5.0,4.0,4.0,2.0,4.0,5.0,5.0,4.0,5.0,4.0,5.0,3.0,2.0,4.0,3.0,4.0,3.0,4.0
Japanese Chin,3.0,3.0,2.0,2.0,3.0,5.0,3.0,3.0,3.0,1.0,3.0,3.0,2.0,2.0,4.0,3.0,4.0,3.0,3.0,1.0,4.0,4.0,3.0,3.0,3.0,1.0,3.0,1.0,3.0,2.0,1.0
Japanese Spitz,3.0,4.0,3.0,3.0,3.0,4.0,4.0,3.0,4.0,1.0,4.0,4.0,3.0,3.0,2.0,3.0,4.0,5.0,4.0,2.0,2.0,4.0,2.0,2.0,3.0,2.0,4.0,2.0,4.0,3.0,2.0
Karelian Bear Dog,3.0,3.0,4.0,3.0,4.0,2.0,4.0,3.0,1.0,1.0,4.0,2.0,4.0,4.0,2.0,4.0,1.0,3.0,4.0,5.0,4.0,4.0,2.0,5.0,4.0,3.0,4.0,2.0,5.0,3.0,5.0
Keeshond,4.0,5.0,4.0,3.0,3.0,4.0,5.0,5.0,4.0,1.0,3.0,4.0,4.0,3.0,4.0,3.0,4.0,5.0,4.0,3.0,3.0,5.0,4.0,3.0,5.0,3.0,4.0,1.0,5.0,3.0,2.0
Kerry Blue Terrier,3.0,4.0,4.0,2.0,4.0,3.0,4.0,1.0,2.0,1.0,2.0,4.0,4.0,5.0,5.0,3.0,2.0,4.0,4.0,4.0,4.0,4.0,3.0,3.0,3.0,3.0,4.0,3.0,4.0,3.0,3.0
Komondor,3.0,3.0,3.0,3.0,4.0,2.0,5.0,3.0,1.0,2.0,2.0,4.0,2.0,4.0,1.0,2.0,1.0,3.0,4.0,1.0,3.0,4.0,3.0,2.0,4.0,4.0,5.0,1.0,4.0,3.0,4.0
Kooikerhondje,3.0,2.0,5.0,3.0,3.0,4.0,3.0,3.0,2.0,1.0,2.0,1.0,4.0,5.0,2.0,5.0,3.0,2.0,4.0,5.0,3.0,4.0,3.0,3.0,4.0,3.0,3.0,2.0,4.0,3.0,3.0
Kuvasz,3.0,2.0,4.0,4.0,2.0,1.0,5.0,4.0,2.0,3.0,4.0,2.0,4.0,5.0,1.0,4.0,1.0,1.0,4.0,4.0,1.0,4.0,4.0,1.0,5.0,5.0,3.0,1.0,5.0,2.0,3.0
Labradoodle,4.0,5.0,5.0,3.0,3.0,3.0,5.0,3.0,5.0,1.0,4.0,4.0,5.0,5.0,5.0,4.0,4.0,4.0,4.0,4.0,1.0,5.0,3.0,2.0,3.0,4.0,2.0,4.0,5.0,4.0,3.0
Labrador Retriever,3.0,5.0,5.0,4.0,4.0,1.0,5.0,5.0,5.0,3.0,5.0,5.0,5.0,5.0,5.0,3.0,3.0,5.0,5.0,5.0,5.0,5.0,5.0,2.0,5.0,4.0,4.0,2.0,3.0,3.0,3.0
Lagotto Romagnolo,3.0,3.0,4.0,2.0,3.0,2.0,3.0,1.0,3.0,2.0,1.0,4.0,4.0,4.0,3.0,4.0,4.0,3.0,4.0,2.0,2.0,4.0,3.0,4.0,3.0,2.0,3.0,3.0,4.0,3.0,3.0
Lakeland Terrier,3.0,4.0,4.0,3.0,3.0,4.0,5.0,2.0,3.0,1.0,2.0,2.0,5.0,4.0,3.0,5.0,3.0,4.0,4.0,4.0,1.0,4.0,3.0,4.0,3.0,2.0,2.0,2.0,4.0,4.0,3.0
Lancashire Heeler,3.0,3.0,4.0,3.0,3.0,2.0,4.0,3.0,3.0,1.0,4.0,3.0,4.0,3.0,2.0,4.0,2.0,3.0,4.0,4.0,2.0,4.0,4.0,2.0,3.0,1.0,2.0,3.0,3.0,3.0,4.0
Leonberger,2.0,4.0,4.0,4.0,3.0,1.0,5.0,5.0,3.0,3.0,4.0,2.0,4.0,4.0,2.0,1.0,1.0,4.0,3.0,4.0,4.0,4.0,4.0,4.0,4.0,5.0,3.0,2.0,5.0,1.0,2.0
Lhasa Apso,4.0,3.0,4.0,2.0,3.0,5.0,4.0,3.0,3.0,1.0,1.0,3.0,4.0,3.0,2.0,3.0,5.0,4.0,4.0,3.0,3.0,5.0,3.0,4.0,5.0,1.0,4.0,4.0,3.0,2.0,2.0
Lowchen,3.0,5.0,4.0,3.0,4.0,5.0,5.0,3.0,4.0,1.0,3.0,5.0,4.0,4.0,4.0,5.0,4.0,5.0,4.0,3.0,3.0,5.0,3.0,4.0,3.0,1.0,4.0,1.0,3.0,3.0,5.0
Maltese,3.0,4.0,3.0,2.0,3.0,5.0,5.0,2.0,4.0,1.0,2.0,4.0,3.0,2.0,2.0,3.0,5.0,3.0,4.0,3.0,3.0,4.0,3.0,4.0,4.0,1.0,2.0,1.0,1.0,3.0,1.0
Maltese Shih Tzu,3.0,3.0,3.0,2.0,4.0,5.0,4.0,1.0,3.0,1.0,2.0,4.0,3.0,3.0,3.0,2.0,5.0,3.0,3.0,2.0,4.0,3.0,3.0,5.0,3.0,1.0,4.0,3.0,2.0,2.0,1.0
Maltipoo,4.0,4.0,3.0,2.0,4.0,5.0,5.0,1.0,4.0,1.0,3.0,5.0,3.0,2.0,4.0,2.0,5.0,4.0,4.0,3.0,3.0,4.0,2.0,2.0,5.0,2.0,5.0,1.0,2.0,3.0,4.0
Manchester Terrier,3.0,3.0,4.0,3.0,3.0,5.0,4.0,3.0,3.0,1.0,5.0,2.0,4.0,4.0,3.0,2.0,3.0,3.0,4.0,4.0,2.0,4.0,4.0,4.0,3.0,2.0,4.0,3.0,1.0,3.0,4.0
Mastiff,2.0,4.0,4.0,4.0,2.0,2.0,5.0,3.0,2.0,5.0,3.0,3.0,3.0,4.0,2.0,3.0,1.0,5.0,2.0,3.0,4.0,4.0,4.0,2.0,3.0,5.0,2.0,3.0,4.0,1.0,1.0
Miniature Pinscher,3.0,3.0,4.0,3.0,3.0,5.0,5.0,2.0,2.0,1.0,5.0,3.0,4.0,4.0,3.0,3.0,3.0,3.0,3.0,3.0,2.0,5.0,5.0,3.0,5.0,1.0,1.0,2.0,1.0,3.0,5.0
Miniature Schnauzer,4.0,4.0,4.0,2.0,4.0,4.0,5.0,2.0,3.0,1.0,2.0,5.0,5.0,5.0,3.0,3.0,3.0,3.0,4.0,3.0,2.0,4.0,4.0,4.0,4.0,2.0,3.0,5.0,4.0,4.0,3.0
Mudi,3.0,3.0,4.0,3.0,4.0,2.0,4.0,3.0,2.0,1.0,4.0,5.0,4.0,4.0,2.0,4.0,4.0,2.0,4.0,2.0,3.0,4.0,2.0,4.0,4.0,2.0,4.0,2.0,3.0,3.0,4.0
Mutt,3.0,3.0,3.0,3.0,3.0,3.0,4.0,3.0,3.0,3.0,3.0,4.0,3.0,3.0,3.0,4.0,3.0,3.0,4.0,3.0,3.0,3.0,3.0,3.0,3.0,3.0,3.0,3.0,3.0,3.0,3.0
Neapolitan Mastiff,2.0,3.0,3.0,4.0,2.0,2.0,5.0,3.0,2.0,5.0,3.0,3.0,3.0,3.0,1.0,2.0,1.0,4.0,3.0,1.0,2.0,4.0,5.0,1.0,4.0,5.0,1.0,1.0,1.0,2.0,1.0
Newfoundland,3.0,5.0,3.0,4.0,4.0,1.0,5.0,5.0,4.0,5.0,2.0,5.0,3.0,3.0,4.0,1.0,3.0,5.0,4.0,1.0,3.0,4.0,4.0,4.0,4.0,5.0,4.0,1.0,5.0,2.0,3.0
Norfolk Terrier,4.0,5.0,4.0,3.0,3.0,4.0,5.0,1.0,5.0,1.0,4.0,5.0,4.0,4.0,4.0,5.0,5.0,4.0,4.0,4.0,2.0,5.0,5.0,1.0,4.0,1.0,3.0,3.0,4.0,4.0,4.0
Norwegian Buhund,3.0,4.0,5.0,3.0,3.0,3.0,5.0,3.0,3.0,1.0,2.0,4.0,4.0,5.0,3.0,4.0,3.0,5.0,3.0,4.0,3.0,5.0,3.0,2.0,3.0,3.0,4.0,4.0,5.0,2.0,4.0
Norwegian Elkhound,4.0,4.0,4.0,3.0,4.0,4.0,5.0,5.0,4.0,1.0,3.0,2.0,5.0,5.0,4.0,4.0,4.0,4.0,4.0,3.0,3.0,4.0,4.0,4.0,4.0,3.0,4.0,2.0,5.0,3.0,4.0
Norwegian Lundehund,3.0,5.0,5.0,3.0,3.0,1.0,5.0,5.0,5.0,1.0,4.0,4.0,4.0,5.0,5.0,3.0,1.0,5.0,5.0,4.0,3.0,5.0,3.0,2.0,3.0,3.0,1.0,2.0,5.0,3.0,5.0
Norwich Terrier,4.0,5.0,5.0,3.0,4.0,5.0,5.0,2.0,5.0,1.0,2.0,4.0,5.0,4.0,5.0,4.0,3.0,5.0,4.0,4.0,4.0,5.0,5.0,3.0,4.0,1.0,4.0,2.0,4.0,4.0,4.0
Nova Scotia Duck Tolling Retriever,4.0,5.0,5.0,3.0,4.0,5.0,5.0,3.0,4.0,1.0,5.0,4.0,5.0,5.0,4.0,4.0,3.0,5.0,5.0,3.0,4.0,5.0,4.0,5.0,3.0,3.0,4.0,2.0,4.0,4.0,3.0
Old English Sheepdog,4.0,4.0,4.0,3.0,3.0,5.0,5.0,1.0,4.0,4.0,1.0,3.0,4.0,4.0,4.0,4.0,4.0,4.0,4.0,3.0,2.0,4.0,4.0,3.0,4.0,4.0,1.0,2.0,4.0,2.0,2.0
Otterhound,3.0,5.0,5.0,3.0,4.0,1.0,5.0,4.0,5.0,1.0,2.0,2.0,5.0,5.0,4.0,4.0,4.0,5.0,4.0,4.0,3.0,5.0,3.0,5.0,2.0,4.0,2.0,5.0,4.0,3.0,5.0
Papillon,3.0,4.0,4.0,2.0,3.0,5.0,5.0,2.0,4.0,1.0,3.0,5.0,4.0,5.0,5.0,3.0,5.0,3.0,4.0,3.0,3.0,5.0,3.0,4.0,3.0,1.0,2.0,1.0,2.0,4.0,1.0
Peekapoo,4.0,4.0,3.0,2.0,3.0,5.0,5.0,2.0,4.0,1.0,2.0,3.0,3.0,3.0,3.0,3.0,5.0,4.0,4.0,2.0,4.0,4.0,4.0,3.0,4.0,1.0,4.0,2.0,3.0,2.0,1.0
Pekingese,3.0,3.0,2.0,2.0,4.0,5.0,5.0,4.0,2.0,1.0,1.0,3.0,2.0,2.0,2.0,2.0,4.0,2.0,4.0,1.0,3.0,3.0,3.0,5.0,2.0,1.0,4.0,3.0,4.0,1.0,3.0
Pembroke Welsh Corgi,4.0,4.0,4.0,3.0,3.0,4.0,5.0,5.0,3.0,1.0,4.0,5.0,4.0,4.0,5.0,3.0,4.0,4.0,5.0,3.0,2.0,4.0,4.0,3.0,4.0,2.0,2.0,3.0,4.0,3.0,2.0
Petit Basset Griffon Vendeen,3.0,5.0,5.0,3.0,4.0,4.0,5.0,4.0,5.0,1.0,2.0,1.0,5.0,5.0,5.0,3.0,3.0,5.0,4.0,4.0,3.0,5.0,4.0,5.0,3.0,2.0,5.0,3.0,4.0,3.0,5.0
Pharaoh Hound,4.0,5.0,3.0,3.0,4.0,4.0,5.0,2.0,5.0,1.0,4.0,3.0,2.0,4.0,4.0,5.0,4.0,5.0,4.0,3.0,4.0,4.0,3.0,5.0,5.0,3.0,4.0,2.0,1.0,5.0,4.0
Plott,2.0,4.0,4.0,3.0,4.0,1.0,4.0,2.0,5.0,1.0,5.0,4.0,4.0,5.0,3.0,5.0,1.0,3.0,3.0,4.0,3.0,3.0,3.0,5.0,4.0,3.0,1.0,2.0,2.0,4.0,5.0
Pocket Beagle,3.0,5.0,4.0,3.0,4.0,4.0,5.0,3.0,5.0,1.0,5.0,3.0,4.0,4.0,4.0,3.0,3.0,5.0,4.0,4.0,4.0,4.0,5.0,3.0,4.0,2.0,5.0,2.0,2.0,4.0,5.0
Pointer,2.0,5.0,5.0,3.0,5.0,1.0,5.0,3.0,5.0,1.0,5.0,5.0,5.0,5.0,5.0,3.0,1.0,5.0,5.0,5.0,5.0,5.0,3.0,5.0,3.0,3.0,3.0,1.0,2.0,4.0,5.0
Polish Lowland Sheepdog,4.0,4.0,4.0,2.0,3.0,4.0,5.0,1.0,3.0,1.0,1.0,4.0,4.0,4.0,3.0,4.0,2.0,4.0,4.0,3.0,3.0,4.0,3.0,3.0,4.0,3.0,2.0,3.0,4.0,4.0,3.0
Pomeranian,3.0,3.0,3.0,3.0,3.0,4.0,5.0,4.0,2.0,1.0,2.0,4.0,3.0,2.0,3.0,3.0,4.0,2.0,4.0,2.0,2.0,3.0,4.0,2.0,4.0,1.0,5.0,1.0,4.0,2.0,1.0
Pomsky,3.0,3.0,3.0,3.0,4.0,5.0,5.0,4.0,3.0,1.0,2.0,3.0,4.0,3.0,3.0,3.0,2.0,2.0,4.0,2.0,3.0,4.0,3.0,4.0,4.0,2.0,5.0,1.0,5.0,3.0,2.0
Poodle,4.0,5.0,4.0,2.0,4.0,5.0,5.0,1.0,4.0,1.0,1.0,5.0,4.0,4.0,4.0,2.0,5.0,5.0,5.0,3.0,4.0,5.0,4.0,2.0,4.0,4.0,2.0,1.0,3.0,4.0,3.0
Portuguese Water Dog,3.0,5.0,5.0,2.0,4.0,4.0,5.0,1.0,5.0,1.0,2.0,4.0,5.0,5.0,3.0,4.0,3.0,5.0,5.0,3.0,5.0,5.0,3.0,3.0,4.0,3.0,3.0,2.0,4.0,3.0,3.0
Pug,3.0,4.0,4.0,3.0,2.0,5.0,5.0,5.0,4.0,1.0,5.0,3.0,3.0,3.0,4.0,1.0,5.0,4.0,2.0,4.0,2.0,5.0,5.0,3.0,3.0,2.0,2.0,1.0,2.0,1.0,2.0
Puggle,4.0,5.0,3.0,3.0,3.0,4.0,3.0,3.0,5.0,1.0,5.0,2.0,3.0,3.0,5.0,4.0,5.0,5.0,3.0,2.0,3.0,3.0,5.0,2.0,3.0,2.0,4.0,3.0,3.0,3.0,5.0
Puli,3.0,4.0,5.0,2.0,4.0,4.0,5.0,1.0,5.0,1.0,1.0,2.0,5.0,5.0,2.0,5.0,1.0,5.0,4.0,5.0,3.0,5.0,3.0,4.0,4.0,3.0,4.0,2.0,4.0,3.0,5.0
Pyrenean Shepherd,3.0,4.0,5.0,2.0,3.0,5.0,5.0,3.0,2.0,1.0,3.0,2.0,4.0,5.0,2.0,2.0,2.0,5.0,4.0,5.0,3.0,5.0,3.0,4.0,4.0,2.0,5.0,1.0,4.0,3.0,2.0
Rat Terrier,3.0,4.0,5.0,3.0,3.0,5.0,4.0,4.0,3.0,1.0,5.0,5.0,5.0,4.0,4.0,4.0,3.0,5.0,4.0,4.0,2.0,5.0,3.0,4.0,4.0,1.0,1.0,3.0,1.0,4.0,4.0
Redbone Coonhound,3.0,4.0,5.0,3.0,4.0,4.0,5.0,2.0,4.0,4.0,5.0,3.0,4.0,5.0,3.0,3.0,2.0,5.0,4.0,4.0,4.0,5.0,3.0,4.0,5.0,3.0,4.0,2.0,3.0,2.0,5.0
Rhodesian Ridgeback,3.0,4.0,5.0,4.0,3.0,1.0,5.0,4.0,4.0,1.0,5.0,2.0,4.0,5.0,3.0,4.0,2.0,4.0,4.0,4.0,3.0,5.0,3.0,5.0,4.0,4.0,1.0,2.0,3.0,3.0,5.0
Rottweiler,2.0,4.0,4.0,4.0,4.0,2.0,5.0,4.0,2.0,4.0,5.0,4.0,4.0,4.0,4.0,2.0,1.0,4.0,5.0,4.0,3.0,5.0,5.0,4.0,4.0,3.0,4.0,1.0,2.0,3.0,2.0
Saint Bernard,3.0,5.0,3.0,4.0,2.0,3.0,5.0,4.0,5.0,5.0,2.0,2.0,3.0,2.0,5.0,2.0,2.0,5.0,4.0,2.0,3.0,4.0,4.0,1.0,4.0,5.0,1.0,1.0,5.0,1.0,2.0
Saluki,2.0,4.0,4.0,3.0,4.0,1.0,5.0,2.0,4.0,1.0,4.0,4.0,5.0,5.0,1.0,4.0,2.0,4.0,4.0,2.0,4.0,5.0,1.0,5.0,5.0,4.0,1.0,1.0,2.0,3.0,5.0
Samoyed,3.0,5.0,4.0,3.0,4.0,2.0,5.0,5.0,5.0,2.0,1.0,3.0,5.0,5.0,5.0,3.0,2.0,5.0,3.0,2.0,3.0,5.0,4.0,5.0,4.0,3.0,3.0,2.0,5.0,1.0,4.0
Schipperke,3.0,3.0,5.0,3.0,3.0,4.0,4.0,3.0,2.0,1.0,5.0,2.0,5.0,5.0,2.0,4.0,4.0,5.0,4.0,3.0,3.0,5.0,5.0,2.0,4.0,1.0,4.0,3.0,3.0,2.0,5.0
Schnoodle,3.0,4.0,4.0,3.0,3.0,3.0,4.0,2.0,3.0,1.0,4.0,4.0,4.0,4.0,3.0,3.0,5.0,5.0,5.0,3.0,3.0,4.0,4.0,3.0,4.0,4.0,2.0,2.0,2.0,4.0,3.0
Scottish Deerhound,3.0,4.0,5.0,3.0,3.0,1.0,5.0,5.0,2.0,1.0,2.0,2.0,5.0,5.0,5.0,3.0,1.0,4.0,3.0,5.0,4.0,5.0,4.0,5.0,3.0,5.0,1.0,2.0,4.0,4.0,4.0
Scottish Terrier,3.0,4.0,4.0,2.0,3.0,4.0,5.0,2.0,4.0,1.0,2.0,1.0,4.0,4.0,4.0,4.0,2.0,4.0,4.0,4.0,3.0,4.0,3.0,3.0,4.0,2.0,4.0,3.0,4.0,3.0,5.0
Sealyham Terrier,4.0,4.0,4.0,3.0,3.0,4.0,4.0,4.0,4.0,3.0,1.0,3.0,4.0,4.0,3.0,5.0,4.0,4.0,4.0,2.0,2.0,4.0,3.0,2.0,4.0,2.0,2.0,2.0,4.0,3.0,3.0
Shetland Sheepdog,3.0,5.0,4.0,3.0,3.0,2.0,5.0,5.0,4.0,1.0,2.0,5.0,4.0,4.0,5.0,4.0,3.0,5.0,5.0,2.0,1.0,4.0,3.0,3.0,5.0,1.0,1.0,2.0,4.0,3.0,2.0
Shiba Inu,4.0,3.0,3.0,3.0,4.0,5.0,4.0,4.0,3.0,1.0,4.0,2.0,4.0,3.0,3.0,3.0,4.0,3.0,4.0,2.0,4.0,3.0,2.0,3.0,3.0,2.0,4.0,5.0,4.0,3.0,4.0
Shih Tzu,3.0,5.0,3.0,2.0,3.0,5.0,5.0,3.0,4.0,1.0,1.0,3.0,2.0,2.0,5.0,3.0,5.0,4.0,4.0,3.0,4.0,4.0,4.0,4.0,3.0,1.0,2.0,3.0,3.0,1.0,2.0
Siberian Husky,3.0,5.0,5.0,3.0,4.0,2.0,5.0,3.0,5.0,3.0,2.0,2.0,5.0,5.0,5.0,4.0,1.0,5.0,3.0,3.0,4.0,5.0,2.0,3.0,4.0,3.0,5.0,1.0,5.0,3.0,5.0
Silken Windhound,4.0,4.0,4.0,3.0,4.0,4.0,5.0,2.0,3.0,2.0,4.0,5.0,4.0,4.0,4.0,4.0,4.0,4.0,4.0,2.0,3.0,5.0,2.0,5.0,4.0,3.0,1.0,2.0,4.0,4.0,4.0
Silky Terrier,3.0,3.0,4.0,3.0,4.0,5.0,4.0,2.0,2.0,1.0,4.0,4.0,4.0,3.0,3.0,4.0,3.0,3.0,4.0,4.0,2.0,4.0,3.0,5.0,3.0,1.0,4.0,3.0,1.0,4.0,3.0
Skye Terrier,4.0,4.0,4.0,3.0,4.0,4.0,4.0,3.0,2.0,1.0,3.0,2.0,3.0,3.0,5.0,5.0,4.0,4.0,4.0,4.0,3.0,4.0,3.0,4.0,3.0,2.0,4.0,2.0,4.0,4.0,4.0
Sloughi,3.0,4.0,4.0,3.0,3.0,4.0,5.0,3.0,4.0,1.0,5.0,3.0,5.0,5.0,3.0,3.0,2.0,5.0,4.0,3.0,3.0,3.0,2.0,5.0,4.0,4.0,2.0,3.0,2.0,3.0,3.0
Small Munsterlander Pointer,3.0,5.0,5.0,3.0,4.0,1.0,5.0,3.0,5.0,1.0,3.0,5.0,4.0,5.0,4.0,5.0,2.0,5.0,5.0,5.0,3.0,4.0,3.0,5.0,3.0,3.0,3.0,4.0,5.0,3.0,4.0
Soft Coated Wheaten Terrier,3.0,5.0,4.0,3.0,3.0,5.0,5.0,2.0,5.0,1.0,3.0,4.0,4.0,4.0,5.0,4.0,4.0,5.0,4.0,3.0,2.0,5.0,3.0,3.0,4.0,3.0,3.0,2.0,2.0,3.0,4.0
Stabyhoun,3.0,4.0,4.0,3.0,4.0,2.0,5.0,3.0,4.0,1.0,3.0,5.0,3.0,4.0,3.0,5.0,3.0,5.0,5.0,4.0,1.0,5.0,3.0,4.0,4.0,3.0,3.0,3.0,2.0,2.0,3.0
Staffordshire Bull Terrier,2.0,4.0,4.0,3.0,3.0,3.0,5.0,3.0,1.0,3.0,5.0,2.0,3.0,4.0,5.0,3.0,1.0,5.0,3.0,3.0,2.0,5.0,4.0,2.0,4.0,2.0,3.0,2.0,3.0,1.0,4.0
Standard Schnauzer,3.0,3.0,5.0,2.0,4.0,4.0,4.0,1.0,3.0,1.0,2.0,3.0,5.0,5.0,2.0,5.0,2.0,4.0,5.0,3.0,3.0,5.0,1.0,5.0,4.0,3.0,2.0,2.0,4.0,4.0,5.0
Sussex Spaniel,4.0,5.0,2.0,3.0,3.0,5.0,5.0,3.0,5.0,1.0,4.0,3.0,2.0,2.0,5.0,4.0,5.0,5.0,5.0,1.0,2.0,4.0,5.0,1.0,5.0,2.0,4.0,1.0,5.0,5.0,1.0
Swedish Vallhund,3.0,4.0,5.0,4.0,3.0,3.0,5.0,4.0,3.0,1.0,5.0,5.0,5.0,5.0,5.0,4.0,1.0,4.0,5.0,3.0,2.0,5.0,4.0,4.0,3.0,3.0,1.0,3.0,4.0,3.0,3.0
Tibetan Mastiff,3.0,4.0,3.0,3.0,3.0,1.0,5.0,2.0,5.0,2.0,4.0,1.0,4.0,2.0,2.0,3.0,1.0,5.0,5.0,2.0,5.0,5.0,4.0,3.0,5.0,5.0,2.0,1.0,5.0,2.0,3.0
Tibetan Spaniel,3.0,4.0,4.0,3.0,4.0,5.0,5.0,3.0,4.0,1.0,4.0,4.0,3.0,4.0,3.0,5.0,4.0,5.0,4.0,3.0,3.0,4.0,3.0,3.0,5.0,1.0,4.0,1.0,1.0,2.0,3.0
Tibetan Terrier,4.0,4.0,5.0,2.0,3.0,5.0,5.0,1.0,4.0,1.0,1.0,4.0,5.0,5.0,3.0,5.0,3.0,5.0,4.0,4.0,2.0,5.0,3.0,2.0,4.0,2.0,2.0,1.0,4.0,4.0,3.0
Toy Fox Terrier,3.0,4.0,5.0,3.0,4.0,5.0,5.0,4.0,3.0,1.0,5.0,3.0,5.0,5.0,3.0,5.0,3.0,4.0,4.0,4.0,2.0,5.0,2.0,5.0,4.0,1.0,4.0,1.0,2.0,3.0,4.0
Treeing Tennessee Brindle,2.0,4.0,4.0,4.0,3.0,1.0,4.0,4.0,4.0,3.0,5.0,3.0,4.0,5.0,3.0,4.0,2.0,4.0,4.0,4.0,3.0,3.0,3.0,4.0,3.0,3.0,1.0,2.0,3.0,3.0,1.0
Treeing Walker Coonhound,3.0,4.0,4.0,4.0,4.0,1.0,4.0,3.0,3.0,2.0,5.0,2.0,4.0,5.0,3.0,4.0,2.0,4.0,4.0,4.0,3.0,3.0,3.0,4.0,5.0,4.0,5.0,2.0,3.0,3.0,5.0
Vizsla,3.0,5.0,5.0,3.0,4.0,1.0,5.0,2.0,5.0,1.0,5.0,5.0,5.0,5.0,5.0,4.0,3.0,5.0,4.0,4.0,4.0,5.0,2.0,2.0,5.0,3.0,5.0,1.0,1.0,4.0,5.0
Weimaraner,3.0,4.0,5.0,4.0,4.0,1.0,5.0,4.0,3.0,4.0,5.0,4.0,5.0,5.0,3.0,3.0,2.0,4.0,5.0,5.0,5.0,5.0,2.0,5.0,5.0,4.0,2.0,1.0,3.0,4.0,5.0
Welsh Springer Spaniel,4.0,4.0,5.0,3.0,4.0,4.0,5.0,3.0,4.0,1.0,4.0,5.0,5.0,5.0,3.0,4.0,4.0,5.0,5.0,4.0,3.0,4.0,4.0,3.0,5.0,3.0,5.0,1.0,4.0,4.0,5.0
Welsh Terrier,3.0,5.0,5.0,3.0,4.0,3.0,4.0,2.0,5.0,1.0,2.0,3.0,5.0,5.0,4.0,5.0,3.0,5.0,5.0,5.0,2.0,5.0,3.0,5.0,3.0,2.0,4.0,2.0,2.0,2.0,4.0
West Highland White Terrier,4.0,4.0,4.0,3.0,4.0,4.0,5.0,4.0,5.0,1.0,3.0,4.0,4.0,4.0,3.0,3.0,4.0,4.0,4.0,4.0,2.0,4.0,4.0,4.0,4.0,2.0,4.0,2.0,4.0,3.0,3.0
Whippet,3.0,5.0,4.0,3.0,4.0,5.0,5.0,2.0,4.0,1.0,5.0,4.0,5.0,5.0,4.0,4.0,3.0,5.0,4.0,2.0,4.0,5.0,1.0,5.0,5.0,3.0,1.0,2.0,1.0,4.0,4.0
Wirehaired Pointing Griffon,3.0,5.0,4.0,3.0,4.0,1.0,5.0,1.0,4.0,1.0,3.0,5.0,5.0,4.0,5.0,4.0,3.0,5.0,5.0,3.0,3.0,5.0,3.0,4.0,4.0,3.0,4.0,1.0,4.0,3.0,4.0
Yorkipoo,4.0,4.0,4.0,2.0,4.0,5.0,5.0,1.0,3.0,1.0,4.0,4.0,5.0,3.0,2.0,3.0,5.0,4.0,4.0,3.0,3.0,4.0,2.0,3.0,4.0,1.0,5.0,3.0,2.0,3.0,2.0
Yorkshire Terrier,3.0,3.0,5.0,2.0,3.0,5.0,4.0,2.0,3.0,1.0,1.0,3.0,5.0,4.0,2.0,4.0,4.0,2.0,3.0,4.0,2.0,5.0,2.0,2.0,5.0,1.0,3.0,2.0,2.0,2.0,3.0
